Item,Description,Rarity,Material,Type,Subtype,Proficiency,Quality-1,Quality-2,Quality-3,Harvest-DC,Cost-Normal,Cost-Cheap,Cost-Expensive,Resale-Normal,Resale-Low,Resale-High
Eldritch Cartilage,"firm, whitish, flexible connective tissue that gives off a purple mist",CR-Value,Creature,Aberration,Bone,Field-Dressing-Kit,Void,Psychic,Special,10 + (CR/2),CR-Value,x0.75,x1.5,Cost/2,x0.75,x1.5
Beastial Bone,a rigid tissue that constitutes part of the vertebrate skeleton in beasts,CR-Value,Creature,Beast,Bone,Field-Dressing-Kit,Vital,Chaotic,Special,10 + (CR/2),CR-Value,x0.75,x1.5,Cost/2,x0.75,x1.5
Angelic Bone,a rigid tissue that constitutes part of the vertebrate skeleton in celestials,CR-Value,Creature,Celestial,Bone,Field-Dressing-Kit,Radiant,Vital,Special,10 + (CR/2),CR-Value,x0.75,x1.5,Cost/2,x0.75,x1.5
Robotic Rebar,a metal reinforcing rod that constitutes part of thevertebrate skeleton in constructs,CR-Value,Creature,Construct,Bone,Tinkers-Tools,Inert,Lightning,Special,10 + (CR/2),CR-Value,x0.75,x1.5,Cost/2,x0.75,x1.5
Dragon Bone,rigid tissue that constitutes part of the vertebrate skeleton in dragons,CR-Value,Creature,Dragon,Bone,Field-Dressing-Kit,Theurgic,Tempest,Special,10 + (CR/2),CR-Value,x0.75,x1.5,Cost/2,x0.75,x1.5
Elemental Sediment,rigid sediment that constitutes part of the vertebrate skeleton in elementals,CR-Value,Creature,Elemental,Bone,Field-Dressing-Kit,Chaotic,Dimensional,Special,10 + (CR/2),CR-Value,x0.75,x1.5,Cost/2,x0.75,x1.5
Fey Bone,rigid tissue that constitutes part of the vertebrate skeleton in fey,CR-Value,Creature,Fey,Bone,Field-Dressing-Kit,Phantasmal,Theurgic,Special,10 + (CR/2),CR-Value,x0.75,x1.5,Cost/2,x0.75,x1.5
Fiendish Bone,evil rigid tissue that constitutes part of the vertebrate skeleton in fiends,CR-Value,Creature,Fiend,Bone,Field-Dressing-Kit,Fiendish,Fiery,Special,10 + (CR/2),CR-Value,x0.75,x1.5,Cost/2,x0.75,x1.5
Titan Bone,rigid tissue that constitutes part of the vertebrate skeleton in giants,CR-Value,Creature,Giant,Bone,Field-Dressing-Kit,Forceful,Inert,Special,10 + (CR/2),CR-Value,x0.75,x1.5,Cost/2,x0.75,x1.5
Humanoid Bone,rigid tissue that constitutes part of the vertebrate skeleton in humanoids,CR-Value,Creature,Humanoid,Bone,Field-Dressing-Kit,Chaotic,Necrotic,Special,10 + (CR/2),CR-Value,x0.75,x1.5,Cost/2,x0.75,x1.5
Monster Bone,rigid tissue that constitutes part of the vertebrate skeleton in monsters,CR-Value,Creature,Monstrosity,Bone,Field-Dressing-Kit,Dimensional,Thunder,Special,10 + (CR/2),CR-Value,x0.75,x1.5,Cost/2,x0.75,x1.5
Ooze Core,rigid tissue that constitutes part of the vertebrate skeleton in oozes,CR-Value,Creature,Ooze,Bone,Field-Dressing-Kit,Mercurial,Acidic,Special,10 + (CR/2),CR-Value,x0.75,x1.5,Cost/2,x0.75,x1.5
Plant Stem,rigid tissue that constitutes part of the vertebrate skeleton in plants,CR-Value,Creature,Plant,Bone,Field-Dressing-Kit,Poisonous,Inert,Special,10 + (CR/2),CR-Value,x0.75,x1.5,Cost/2,x0.75,x1.5
Brittle Bone/Ectoplasm,rigid tissue that constitutes part of the vertebrate skeleton in undead,CR-Value,Creature,Undead,Bone,Field-Dressing-Kit,Necrotic,Cold,Special,10 + (CR/2),CR-Value,x0.75,x1.5,Cost/2,x0.75,x1.5
Eldritch Flesh,the soft substance consisting of muscle and fat that is found between the skin and bones of an animal or a human.,CR-Value,Creature,Aberration,Flesh,Field-Dressing-Kit,Void,Psychic,Special,10 + (CR/2),CR-Value,x0.75,x1.5,Cost/2,x0.75,x1.5
Animal Flesh,the soft substance consisting of muscle and fat that is found between the skin and bones of an animal or a human.,CR-Value,Creature,Beast,Flesh,Field-Dressing-Kit,Vital,Chaotic,Special,10 + (CR/2),CR-Value,x0.75,x1.5,Cost/2,x0.75,x1.5
Divine Flesh,the soft substance consisting of muscle and fat that is found between the skin and bones of an animal or a human.,CR-Value,Creature,Celestial,Flesh,Field-Dressing-Kit,Radiant,Vital,Special,10 + (CR/2),CR-Value,x0.75,x1.5,Cost/2,x0.75,x1.5
Automoton Gears,the soft substance consisting of muscle and fat that is found between the skin and bones of an animal or a human.,CR-Value,Creature,Construct,Flesh,Tinkers-Tools,Inert,Lightning,Special,10 + (CR/2),CR-Value,x0.75,x1.5,Cost/2,x0.75,x1.5
Dragon Fundamentum,"an enormous blood vessel, which channels the energy-rich blood from the heart directly into the high-energy consuming areas of the creature.",CR-Value,Creature,Dragon,Flesh,Field-Dressing-Kit,Theurgic,Tempest,Special,10 + (CR/2),CR-Value,x0.75,x1.5,Cost/2,x0.75,x1.5
Elemental Fundamentum,"enormous elemental vessel, which channels the energy-rich essence from the core directly into the high-energy consuming areas of the elemental.",CR-Value,Creature,Elemental,Flesh,Field-Dressing-Kit,Chaotic,Dimensional,Special,10 + (CR/2),CR-Value,x0.75,x1.5,Cost/2,x0.75,x1.5
Fey Flesh,the soft substance consisting of muscle and fat that is found between the skin and bones of an animal or a human.,CR-Value,Creature,Fey,Flesh,Field-Dressing-Kit,Phantasmal,Theurgic,Special,10 + (CR/2),CR-Value,x0.75,x1.5,Cost/2,x0.75,x1.5
Fiend Flesh,the soft substance consisting of muscle and fat that is found between the skin and bones of an animal or a human.,CR-Value,Creature,Fiend,Flesh,Field-Dressing-Kit,Fiendish,Fiery,Special,10 + (CR/2),CR-Value,x0.75,x1.5,Cost/2,x0.75,x1.5
Giant Flesh,the soft substance consisting of muscle and fat that is found between the skin and bones of an animal or a human.,CR-Value,Creature,Giant,Flesh,Field-Dressing-Kit,Forceful,Inert,Special,10 + (CR/2),CR-Value,x0.75,x1.5,Cost/2,x0.75,x1.5
Humanoid Flesh,the soft substance consisting of muscle and fat that is found between the skin and bones of an animal or a human.,CR-Value,Creature,Humanoid,Flesh,Field-Dressing-Kit,Chaotic,Necrotic,Special,10 + (CR/2),CR-Value,x0.75,x1.5,Cost/2,x0.75,x1.5
Monster Flesh,the soft substance consisting of muscle and fat that is found between the skin and bones of an animal or a human.,CR-Value,Creature,Monstrosity,Flesh,Field-Dressing-Kit,Dimensional,Thunder,Special,10 + (CR/2),CR-Value,x0.75,x1.5,Cost/2,x0.75,x1.5
Ooze Gland,the soft substance consisting of muscle and fat that is found between the skin and bones of an animal or a human.,CR-Value,Creature,Ooze,Flesh,Field-Dressing-Kit,Mercurial,Acidic,Special,10 + (CR/2),CR-Value,x0.75,x1.5,Cost/2,x0.75,x1.5
Plant Pulp,the soft substance consisting of muscle and fat that is found between the skin and bones of an animal or a human.,CR-Value,Creature,Plant,Flesh,Field-Dressing-Kit,Poisonous,Inert,Special,10 + (CR/2),CR-Value,x0.75,x1.5,Cost/2,x0.75,x1.5
Rotting Flesh/Ectoplasm,the soft substance consisting of muscle and fat that is found between the skin and bones of an animal or a human.,CR-Value,Creature,Undead,Flesh,Field-Dressing-Kit,Necrotic,Cold,Special,10 + (CR/2),CR-Value,x0.75,x1.5,Cost/2,x0.75,x1.5
Eldritch Ichor,"the red liquid that circulates in the arteries and veins of humans and other vertebrate animals, carrying oxygen to and carbon dioxide from the tissues of the body",CR-Value,Creature,Aberration,Fluid,Field-Dressing-Kit,Void,Psychic,Special,10 + (CR/2),CR-Value,x0.75,x1.5,Cost/2,x0.75,x1.5
Beastial Blood,"the red liquid that circulates in the arteries and veins of humans and other vertebrate animals, carrying oxygen to and carbon dioxide from the tissues of the body",CR-Value,Creature,Beast,Fluid,Field-Dressing-Kit,Vital,Chaotic,Special,10 + (CR/2),CR-Value,x0.75,x1.5,Cost/2,x0.75,x1.5
Divine Ichor,"the red liquid that circulates in the arteries and veins of humans and other vertebrate animals, carrying oxygen to and carbon dioxide from the tissues of the body",CR-Value,Creature,Celestial,Fluid,Field-Dressing-Kit,Radiant,Vital,Special,10 + (CR/2),CR-Value,x0.75,x1.5,Cost/2,x0.75,x1.5
Construct Oil,"the red liquid that circulates in the arteries and veins of humans and other vertebrate animals, carrying oxygen to and carbon dioxide from the tissues of the body",CR-Value,Creature,Construct,Fluid,Tinkers-Tools,Inert,Lightning,Special,10 + (CR/2),CR-Value,x0.75,x1.5,Cost/2,x0.75,x1.5
Dragon Blood,"the red liquid that circulates in the arteries and veins of humans and other vertebrate animals, carrying oxygen to and carbon dioxide from the tissues of the body",CR-Value,Creature,Dragon,Fluid,Field-Dressing-Kit,Theurgic,Tempest,Special,10 + (CR/2),CR-Value,x0.75,x1.5,Cost/2,x0.75,x1.5
Elemental Essence,"the red liquid that circulates in the arteries and veins of humans and other vertebrate animals, carrying oxygen to and carbon dioxide from the tissues of the body",CR-Value,Creature,Elemental,Fluid,Field-Dressing-Kit,Chaotic,Dimensional,Special,10 + (CR/2),CR-Value,x0.75,x1.5,Cost/2,x0.75,x1.5
Feys Blood,"the red liquid that circulates in the arteries and veins of humans and other vertebrate animals, carrying oxygen to and carbon dioxide from the tissues of the body",CR-Value,Creature,Fey,Fluid,Field-Dressing-Kit,Phantasmal,Theurgic,Special,10 + (CR/2),CR-Value,x0.75,x1.5,Cost/2,x0.75,x1.5
Fiendish Ichor,"the red liquid that circulates in the arteries and veins of humans and other vertebrate animals, carrying oxygen to and carbon dioxide from the tissues of the body",CR-Value,Creature,Fiend,Fluid,Field-Dressing-Kit,Fiendish,Fiery,Special,10 + (CR/2),CR-Value,x0.75,x1.5,Cost/2,x0.75,x1.5
Giant Ichor,"the red liquid that circulates in the arteries and veins of humans and other vertebrate animals, carrying oxygen to and carbon dioxide from the tissues of the body",CR-Value,Creature,Giant,Fluid,Field-Dressing-Kit,Forceful,Inert,Special,10 + (CR/2),CR-Value,x0.75,x1.5,Cost/2,x0.75,x1.5
Humanoid Blood,"the red liquid that circulates in the arteries and veins of humans and other vertebrate animals, carrying oxygen to and carbon dioxide from the tissues of the body",CR-Value,Creature,Humanoid,Fluid,Field-Dressing-Kit,Chaotic,Necrotic,Special,10 + (CR/2),CR-Value,x0.75,x1.5,Cost/2,x0.75,x1.5
Monster Blood,"the red liquid that circulates in the arteries and veins of humans and other vertebrate animals, carrying oxygen to and carbon dioxide from the tissues of the body",CR-Value,Creature,Monstrosity,Fluid,Field-Dressing-Kit,Dimensional,Thunder,Special,10 + (CR/2),CR-Value,x0.75,x1.5,Cost/2,x0.75,x1.5
Ooze Goop,"the red liquid that circulates in the arteries and veins of humans and other vertebrate animals, carrying oxygen to and carbon dioxide from the tissues of the body",CR-Value,Creature,Ooze,Fluid,Field-Dressing-Kit,Mercurial,Acidic,Special,10 + (CR/2),CR-Value,x0.75,x1.5,Cost/2,x0.75,x1.5
Liquid Chlorophyll,"the red liquid that circulates in the arteries and veins of humans and other vertebrate animals, carrying oxygen to and carbon dioxide from the tissues of the body",CR-Value,Creature,Plant,Fluid,Field-Dressing-Kit,Poisonous,Inert,Special,10 + (CR/2),CR-Value,x0.75,x1.5,Cost/2,x0.75,x1.5
Coagulated Blood/Ectoplasm,"the red liquid that circulates in the arteries and veins of humans and other vertebrate animals, carrying oxygen to and carbon dioxide from the tissues of the body",CR-Value,Creature,Undead,Fluid,Field-Dressing-Kit,Necrotic,Cold,Special,10 + (CR/2),CR-Value,x0.75,x1.5,Cost/2,x0.75,x1.5
Eldritch Husk,"the skin of a creature with the fur, wool, or hair still on it",CR-Value,Creature,Aberration,Hide,Field-Dressing-Kit,Void,Psychic,Special,10 + (CR/2),CR-Value,x0.75,x1.5,Cost/2,x0.75,x1.5
Beastial Pelt,"the skin of a creature with the fur, wool, or hair still on it",CR-Value,Creature,Beast,Hide,Field-Dressing-Kit,Vital,Chaotic,Special,10 + (CR/2),CR-Value,x0.75,x1.5,Cost/2,x0.75,x1.5
Celestial Skin,"the skin of a creature with the fur, wool, or hair still on it",CR-Value,Creature,Celestial,Hide,Field-Dressing-Kit,Radiant,Vital,Special,10 + (CR/2),CR-Value,x0.75,x1.5,Cost/2,x0.75,x1.5
Construct Chassis,"the skin of a creature with the fur, wool, or hair still on it",CR-Value,Creature,Construct,Hide,Tinkers-Tools,Inert,Lightning,Special,10 + (CR/2),CR-Value,x0.75,x1.5,Cost/2,x0.75,x1.5
Dragon Hide,"the skin of a creature with the fur, wool, or hair still on it",CR-Value,Creature,Dragon,Hide,Field-Dressing-Kit,Theurgic,Tempest,Special,10 + (CR/2),CR-Value,x0.75,x1.5,Cost/2,x0.75,x1.5
Elemental Dust,"the skin of a creature with the fur, wool, or hair still on it",CR-Value,Creature,Elemental,Hide,Field-Dressing-Kit,Chaotic,Dimensional,Special,10 + (CR/2),CR-Value,x0.75,x1.5,Cost/2,x0.75,x1.5
Fey Skin,"the skin of a creature with the fur, wool, or hair still on it",CR-Value,Creature,Fey,Hide,Field-Dressing-Kit,Phantasmal,Theurgic,Special,10 + (CR/2),CR-Value,x0.75,x1.5,Cost/2,x0.75,x1.5
Fiendish Husk,"the skin of a creature with the fur, wool, or hair still on it",CR-Value,Creature,Fiend,Hide,Field-Dressing-Kit,Fiendish,Fiery,Special,10 + (CR/2),CR-Value,x0.75,x1.5,Cost/2,x0.75,x1.5
Giant Skin,"the skin of a creature with the fur, wool, or hair still on it",CR-Value,Creature,Giant,Hide,Field-Dressing-Kit,Forceful,Inert,Special,10 + (CR/2),CR-Value,x0.75,x1.5,Cost/2,x0.75,x1.5
Flayed Skin,"the skin of a creature with the fur, wool, or hair still on it",CR-Value,Creature,Humanoid,Hide,Field-Dressing-Kit,Chaotic,Necrotic,Special,10 + (CR/2),CR-Value,x0.75,x1.5,Cost/2,x0.75,x1.5
Monster Carapace,"the skin of a creature with the fur, wool, or hair still on it",CR-Value,Creature,Monstrosity,Hide,Field-Dressing-Kit,Dimensional,Thunder,Special,10 + (CR/2),CR-Value,x0.75,x1.5,Cost/2,x0.75,x1.5
Ooze Membrane,"the skin of a creature with the fur, wool, or hair still on it",CR-Value,Creature,Ooze,Hide,Field-Dressing-Kit,Mercurial,Acidic,Special,10 + (CR/2),CR-Value,x0.75,x1.5,Cost/2,x0.75,x1.5
Plant Bark,"the skin of a creature with the fur, wool, or hair still on it",CR-Value,Creature,Plant,Hide,Field-Dressing-Kit,Poisonous,Inert,Special,10 + (CR/2),CR-Value,x0.75,x1.5,Cost/2,x0.75,x1.5
Decayed Skin/Ectoplasm,"the skin of a creature with the fur, wool, or hair still on it",CR-Value,Creature,Undead,Hide,Field-Dressing-Kit,Necrotic,Cold,Special,10 + (CR/2),CR-Value,x0.75,x1.5,Cost/2,x0.75,x1.5
Clay,"stiff, sticky fine-grained earth, typically yellow, red, or bluish-gray in color and often forming an impermeable layer in the soil",Common,Mineral,Ore,Earthenware,Miners-Tools,Inert,Mercurial,Forceful,5,20.00,15.00,30.00,10.00,7.50,15.00
Tinder Rock,"A rock of wood color, seems to be flammable",Common,Mineral,Ore,Earthenware,Miners-Tools,Fiery,Phantasmal,Vital,5,20.00,15.00,30.00,10.00,7.50,15.00
Granite,"a very hard, granular, crystalline, igneous rock",Common,Mineral,Ore,Earthenware,Miners-Tools,Inert,Dimensional,Vital,5,20.00,15.00,30.00,10.00,7.50,15.00
Sparkslate,dark grey with occassional yellow sparks emitting from it,Common,Mineral,Ore,Earthenware,Miners-Tools,Radiant,Lightning,Fiery,5,20.00,15.00,30.00,10.00,7.50,15.00
Morbid Shale,Shale that is light pale green with dark grey spotting,Common,Mineral,Ore,Earthenware,Miners-Tools,Acidic,Poisonous,Necrotic,5,20.00,15.00,30.00,10.00,7.50,15.00
Burst Flint,"A rock of silver-grey color, brittle",Common,Mineral,Ore,Earthenware,Miners-Tools,Lightning,Thunder,Chaotic,5,20.00,15.00,30.00,10.00,7.50,15.00
Pestite,dark brown-grey colored rock,Common,Mineral,Ore,Earthenware,Miners-Tools,Necrotic,Poisonous,Void,5,20.00,15.00,30.00,10.00,7.50,15.00
Pyrite,a shiny yellow mineral,Common,Mineral,Ore,Earthenware,Miners-Tools,Inert,Fiery,Radiant,5,20.00,15.00,30.00,10.00,7.50,15.00
Psyshale,purple and black mineral,Common,Mineral,Ore,Earthenware,Miners-Tools,Psychic,Phantasmal,Mercurial,5,20.00,15.00,30.00,10.00,7.50,15.00
Crisp Slate,"A pale blue rock, cold to the touch",Common,Mineral,Ore,Earthenware,Miners-Tools,Cold,Mercurial,Tempest,5,20.00,15.00,30.00,10.00,7.50,15.00
Preshale,very hard grey rock,Common,Mineral,Ore,Earthenware,Miners-Tools,Forceful,Theurgic,Thunder,5,20.00,15.00,30.00,10.00,7.50,15.00
Crowns Crag,An opaque stone of black bands,Legendary,Mineral,Ore,Earthenware,Miners-Tools,Inert,Forceful,Tempest,25,"20,000.00","15,000.00","30,000.00","10,000.00","7,500.00","15,000.00"
Moonstone,translucent white with pale blue glow,Legendary,Mineral,Ore,Earthenware,Miners-Tools,Phantasmal,Dimensional,Cold,25,"20,000.00","15,000.00","30,000.00","10,000.00","7,500.00","15,000.00"
Sunstone,"An orange stone with a faint yellow glow, warm to the touch",Legendary,Mineral,Ore,Earthenware,Miners-Tools,Radiant,Fiery,Vital,25,"20,000.00","15,000.00","30,000.00","10,000.00","7,500.00","15,000.00"
Clearstone,Translucent stone with pale yellow and blue veins,Legendary,Mineral,Ore,Earthenware,Miners-Tools,Phantasmal,Lightning,Mercurial,25,"20,000.00","15,000.00","30,000.00","10,000.00","7,500.00","15,000.00"
Volatile Shale,red rock that occassionally has green sparks emitting around it,Legendary,Mineral,Ore,Earthenware,Miners-Tools,Chaotic,Acidic,Fiery,25,"20,000.00","15,000.00","30,000.00","10,000.00","7,500.00","15,000.00"
Miracleslate,white and black rock with random patterns of swirls and dots,Legendary,Mineral,Ore,Earthenware,Miners-Tools,Theurgic,Radiant,Vital,25,"20,000.00","15,000.00","30,000.00","10,000.00","7,500.00","15,000.00"
Angelic Rock,White stone that lights in a white glow,Legendary,Mineral,Ore,Earthenware,Miners-Tools,Radiant,Theurgic,Vital,25,"20,000.00","15,000.00","30,000.00","10,000.00","7,500.00","15,000.00"
Shale of Shade,A dark grey shale that radiates a redish hue,Legendary,Mineral,Ore,Earthenware,Miners-Tools,Necrotic,Theurgic,Fiendish,25,"20,000.00","15,000.00","30,000.00","10,000.00","7,500.00","15,000.00"
Toadstone,"a dark green stone, the light around it dims",Legendary,Mineral,Ore,Earthenware,Miners-Tools,Void,Psychic,Poison,25,"20,000.00","15,000.00","30,000.00","10,000.00","7,500.00","15,000.00"
Rock of Frenzy,"A rock of red, orange and yellow coloring",Legendary,Mineral,Ore,Earthenware,Miners-Tools,Tempest,Chaotic,Thunder,25,"20,000.00","15,000.00","30,000.00","10,000.00","7,500.00","15,000.00"
Bluestone,"A soft opaque blue gemstone, often with veins of pink, white, cream and yellow",Rare,Mineral,Ore,Earthenware,Miners-Tools,Mercurial,Cold,Tempest,15,200.00,150.00,300.00,100.00,75.00,150.00
Void Stone,"Completely black and featureless, ",Rare,Mineral,Ore,Earthenware,Miners-Tools,Void,Psychic,Necrotic,15,200.00,150.00,300.00,100.00,75.00,150.00
Achniite,"gold colored mineral, almost impossible to break through direct impact however chipping very easily",Rare,Mineral,Ore,Earthenware,Miners-Tools,Fiery,Forceful,Inert,15,200.00,150.00,300.00,100.00,75.00,150.00
Zultz,Black mineral with dark brown ,Rare,Mineral,Ore,Earthenware,Miners-Tools,Chaotic,Forceful,Theurgic,15,200.00,150.00,300.00,100.00,75.00,150.00
Craven Clay,"A soft, dark grey rock",Rare,Mineral,Ore,Earthenware,Miners-Tools,Inert,Phantasmal,Psychic,15,200.00,150.00,300.00,100.00,75.00,150.00
Blossomrock,grey stone with a orange-red flower pattern,Rare,Mineral,Ore,Earthenware,Miners-Tools,Vital,Radiant,Phantasmal,15,200.00,150.00,300.00,100.00,75.00,150.00
Charmstone,deep violet stone,Rare,Mineral,Ore,Earthenware,Miners-Tools,Psychic,Theurgic,Vital,15,200.00,150.00,300.00,100.00,75.00,150.00
Stone of the Mad,"stone with a random pattern of red, green, black, and blue coloring",Rare,Mineral,Ore,Earthenware,Miners-Tools,Fiendish,Poison,Acidic,15,200.00,150.00,300.00,100.00,75.00,150.00
Thunderstone,deep blue stone with pale yellow smearing,Rare,Mineral,Ore,Earthenware,Miners-Tools,Thunder,Tempest,Lightning,15,200.00,150.00,300.00,100.00,75.00,150.00
Seerslate,pale light blue with dark grey smearing,Rare,Mineral,Ore,Earthenware,Miners-Tools,Dimensional,Phantasmal,Theurgic,15,200.00,150.00,300.00,100.00,75.00,150.00
Alestone,An opaque brown or yellowish-brown stone,Uncommon,Mineral,Ore,Earthenware,Miners-Tools,Poisonous,Vital,Theurgic,10,60.00,45.00,90.00,30.00,22.50,45.00
Cleansing Stone,"white stone with dark grey mottle pattern

When touching the stone, you can use an action to activate it and remove dirt and grime from your garments and your person",Uncommon,Mineral,Ore,Earthenware,Miners-Tools,Theurgic,Vital,Phantasmal,10,60.00,45.00,90.00,30.00,22.50,45.00
Frostrock,"rock infused with cold magic either naturally or magically, radiates cold",Uncommon,Mineral,Ore,Earthenware,Miners-Tools,Cold,Radiant,Tempest,10,60.00,45.00,90.00,30.00,22.50,45.00
Geode,rock lined with crystals or other mineral matter,Uncommon,Mineral,Ore,Earthenware,Miners-Tools,Inert,Phantasmal,Dimensional,10,60.00,45.00,90.00,30.00,22.50,45.00
Greenstone,An opaque greyish-green form of pumpellyite. Can be found in solidified lava flows.,Uncommon,Mineral,Ore,Earthenware,Miners-Tools,Acidic,Poisonous,Necrotic,10,60.00,45.00,90.00,30.00,22.50,45.00
Marble,"a hard crystalline metamorphic form of limestone, typically white with mottlings or streaks of color",Uncommon,Mineral,Ore,Earthenware,Miners-Tools,Inert,Forceful,Lightning,10,60.00,45.00,90.00,30.00,22.50,45.00
Mudstone,a dark sedimentary rock formed from consolidated mud and lacking the laminations of shale,Uncommon,Mineral,Ore,Earthenware,Miners-Tools,Mercurial,Lightning,Thunder,10,60.00,45.00,90.00,30.00,22.50,45.00
Sharpstone,grey stone with blue mottle,Uncommon,Mineral,Ore,Earthenware,Miners-Tools,Forceful,Fiendish,Theurgic,10,60.00,45.00,90.00,30.00,22.50,45.00
Xorian marble,dark grey stone with purple mottle,Uncommon,Mineral,Ore,Earthenware,Miners-Tools,Psychic,Dimensional,Void,10,60.00,45.00,90.00,30.00,22.50,45.00
Anyanite,dark red stone with random colored mottle pattern,Uncommon,Mineral,Ore,Earthenware,Miners-Tools,Fiery,Chaotic,Fiendish,10,60.00,45.00,90.00,30.00,22.50,45.00
Bloodstone,An opaque dark gray gemstone with red flecks,Very-Rare,Mineral,Ore,Earthenware,Miners-Tools,Vital,Fiendish,Theurgic,20,"2,000.00","1,500.00","3,000.00","1,000.00",750.00,"1,500.00"
Dwarven Stone,"treated marble, process only known by dwarves",Very-Rare,Mineral,Ore,Earthenware,Miners-Tools,Inert,Forceful,Cold,20,"2,000.00","1,500.00","3,000.00","1,000.00",750.00,"1,500.00"
Silkstone,transparent watery gold to rich gold,Very-Rare,Mineral,Ore,Earthenware,Miners-Tools,Mercurial,Phantasmal,Lightning,20,"2,000.00","1,500.00","3,000.00","1,000.00",750.00,"1,500.00"
Wonderstone,"An opaque form of rhyolite with red, brown, tan, or purple bands",Very-Rare,Mineral,Ore,Earthenware,Miners-Tools,Theurgic,Radiant,Dimensional,20,"2,000.00","1,500.00","3,000.00","1,000.00",750.00,"1,500.00"
Hapkrialite,silver and gold mineral a shinning surface,Very-Rare,Mineral,Ore,Earthenware,Miners-Tools,Forceful,Thunder,Inert,20,"2,000.00","1,500.00","3,000.00","1,000.00",750.00,"1,500.00"
Gold Dologite,gold mineral with purple and red smearing,Very-Rare,Mineral,Ore,Earthenware,Miners-Tools,Theurgic,Psychic,Chaotic,20,"2,000.00","1,500.00","3,000.00","1,000.00",750.00,"1,500.00"
Galgite,green stone with yellow spotting,Very-Rare,Mineral,Ore,Earthenware,Miners-Tools,Poisonous,Acidic,Lightning,20,"2,000.00","1,500.00","3,000.00","1,000.00",750.00,"1,500.00"
Labrulite,blue-white mineral that glows a pale blue,Very-Rare,Mineral,Ore,Earthenware,Miners-Tools,Tempest,Cold,Chaotic,20,"2,000.00","1,500.00","3,000.00","1,000.00",750.00,"1,500.00"
Braznacite,a bronze colored mineral with a black glow,Very-Rare,Mineral,Ore,Earthenware,Miners-Tools,Fiery,Necrotic,Radiant,20,"2,000.00","1,500.00","3,000.00","1,000.00",750.00,"1,500.00"
Hazebaster,dark purple mineral with black smearing,Very-Rare,Mineral,Ore,Earthenware,Miners-Tools,Phantasmal,Dimensional,Void,20,"2,000.00","1,500.00","3,000.00","1,000.00",750.00,"1,500.00"
Agate (Any),"translucent striped brown, blue, white, or red
translucent circles of gray, white, brown , blue , or green
translucent pink or yellow-white with mossy gray or green markings",Common,Mineral,Ore,Gem,Miners-Tools,Vital,Phantasmal,Chaotic,5,20.00,15.00,30.00,10.00,7.50,15.00
Azurite,opaque mottled deep blue,Common,Mineral,Ore,Gem,Miners-Tools,Inert,Psychic,Cold,5,20.00,15.00,30.00,10.00,7.50,15.00
Citrine,transparent pale yellow-brown,Common,Mineral,Ore,Gem,Miners-Tools,Vital,Lightning,Radiant,5,20.00,15.00,30.00,10.00,7.50,15.00
Jasper,"opaque blue, black, or brown",Common,Mineral,Ore,Gem,Miners-Tools,Poisonous,Inert,Dimensional,5,20.00,15.00,30.00,10.00,7.50,15.00
Malachite,opaque striated light and dark green,Common,Mineral,Ore,Gem,Miners-Tools,Acidic,Necrotic,Poisonous,5,20.00,15.00,30.00,10.00,7.50,15.00
Obsidian,opaque black,Common,Mineral,Ore,Gem,Miners-Tools,Inert,Fiery,Fiendish,5,20.00,15.00,30.00,10.00,7.50,15.00
Onyx,"opaque bands of black and white, or pure black or white",Common,Mineral,Ore,Gem,Miners-Tools,Necrotic,Psychic,Void,5,20.00,15.00,30.00,10.00,7.50,15.00
Quartz (Any),"transparent white, smoky gray, or yellow
translucent rosy stone with white star-shaped center",Common,Mineral,Ore,Gem,Miners-Tools,Mercurial,Theurgic,Chaotic,5,20.00,15.00,30.00,10.00,7.50,15.00
Sardonyx,opaque bands of red and white,Common,Mineral,Ore,Gem,Miners-Tools,Mercurial,Forceful,Thunder,5,20.00,15.00,30.00,10.00,7.50,15.00
Turquoise,opaque light blue-green,Common,Mineral,Ore,Gem,Miners-Tools,Vital,Mercurial,Tempest,5,20.00,15.00,30.00,10.00,7.50,15.00
Agnite,An opaque black gem made of meteoric glass,Legendary,Mineral,Ore,Gem,Miners-Tools,Fiery,Void,Fiendish,25,"20,000.00","15,000.00","30,000.00","10,000.00","7,500.00","15,000.00"
Corundum,A gemstone found in fiery yellow or rich purple.,Legendary,Mineral,Ore,Gem,Miners-Tools,Psychic,Phantasmal,Chaotic,25,"20,000.00","15,000.00","30,000.00","10,000.00","7,500.00","15,000.00"
Dragons Eye,golden to red-brown,Legendary,Mineral,Ore,Gem,Miners-Tools,Tempest,Inert,Theurgic,25,"20,000.00","15,000.00","30,000.00","10,000.00","7,500.00","15,000.00"
Eplite Starshard,"deep blue or dark violet, laced with gleaming veins",Legendary,Mineral,Ore,Gem,Miners-Tools,Dimensional,Cold,Void,25,"20,000.00","15,000.00","30,000.00","10,000.00","7,500.00","15,000.00"
Flamedance,Olive,Legendary,Mineral,Ore,Gem,Miners-Tools,Fiery,Radiant,Acidic,25,"20,000.00","15,000.00","30,000.00","10,000.00","7,500.00","15,000.00"
Hydrophane,An opaque white opal which becomes transparent and iridescent in water,Legendary,Mineral,Ore,Gem,Miners-Tools,Mercurial,Forceful,Cold,25,"20,000.00","15,000.00","30,000.00","10,000.00","7,500.00","15,000.00"
Kings Tears,"transparent, colorless, teardrop-shaped with a smooth surface, and incredibly hard. where they are also known as ""frozen tears"". Legend has it that they are the crystallized tears of necromancer-kings, and visions of the past can be seen in them",Legendary,Mineral,Ore,Gem,Miners-Tools,Cold,Necrotic,Phantasmal,25,"20,000.00","15,000.00","30,000.00","10,000.00","7,500.00","15,000.00"
Roskite Starshard,rosy crystals with crimson swirls flowing their depths,Legendary,Mineral,Ore,Gem,Miners-Tools,Theurgic,Fiery,Chaotic,25,"20,000.00","15,000.00","30,000.00","10,000.00","7,500.00","15,000.00"
Titanite,grey-blue with yellow viens,Legendary,Mineral,Ore,Gem,Miners-Tools,Inert,Cold,Forceful,25,"20,000.00","15,000.00","30,000.00","10,000.00","7,500.00","15,000.00"
Vocrite Starshard,"amber in color, with swirling golding veins gleaming within",Legendary,Mineral,Ore,Gem,Miners-Tools,Vital,Lightning,Thunder,25,"20,000.00","15,000.00","30,000.00","10,000.00","7,500.00","15,000.00"
Black Opal,translucent dark green with black mottling and golden flecks,Rare,Mineral,Ore,Gem,Miners-Tools,Void,Necrotic,Radiant,15,200.00,150.00,300.00,100.00,75.00,150.00
Bloodglass,opaque red with black flecks,Rare,Mineral,Ore,Gem,Miners-Tools,Fiery,Vital,Fiendish,15,200.00,150.00,300.00,100.00,75.00,150.00
Blue Sapphire,transparent blue-white to medium blue,Rare,Mineral,Ore,Gem,Miners-Tools,Theurgic,Cold,Lightning,15,200.00,150.00,300.00,100.00,75.00,150.00
Emerald,transparent deep bright green,Rare,Mineral,Ore,Gem,Miners-Tools,Inert,Poisonous,Acidic,15,200.00,150.00,300.00,100.00,75.00,150.00
Fire Opal,translucent fiery red,Rare,Mineral,Ore,Gem,Miners-Tools,Fiery,Phantasmal,Radiant,15,200.00,150.00,300.00,100.00,75.00,150.00
Opal,translucent pale blue with green and golden mottling,Rare,Mineral,Ore,Gem,Miners-Tools,Chaotic,Mercurial,Lightning,15,200.00,150.00,300.00,100.00,75.00,150.00
Star Ruby,translucent ruby with white star-shaped center,Rare,Mineral,Ore,Gem,Miners-Tools,Fiery,Theurgic,Tempest,15,200.00,150.00,300.00,100.00,75.00,150.00
Star Sapphire,translucent blue sapphire with wh ite star-shaped center,Rare,Mineral,Ore,Gem,Miners-Tools,Inert,Cold,Void,15,200.00,150.00,300.00,100.00,75.00,150.00
Theurglass,transparent gray,Rare,Mineral,Ore,Gem,Miners-Tools,Theurgic,Dimensional,Psychic,15,200.00,150.00,300.00,100.00,75.00,150.00
Yellow Sapphire,transparent fiery yellow,Rare,Mineral,Ore,Gem,Miners-Tools,Fiery,Forceful,Thunder,15,200.00,150.00,300.00,100.00,75.00,150.00
Alexandrite,transparent dark green,Uncommon,Mineral,Ore,Gem,Miners-Tools,Radiant,Inert,Dimensional,10,60.00,45.00,90.00,30.00,22.50,45.00
Amber,transparent watery gold to rich gold,Uncommon,Mineral,Ore,Gem,Miners-Tools,Vital,Lightning,Radiant,10,60.00,45.00,90.00,30.00,22.50,45.00
Amethyst,transparent deep purple,Uncommon,Mineral,Ore,Gem,Miners-Tools,Psychic,Necrotic,Phantasmal,10,60.00,45.00,90.00,30.00,22.50,45.00
Aquamarine,transparent pale blue-green,Uncommon,Mineral,Ore,Gem,Miners-Tools,Mercurial,Dimensional,Cold,10,60.00,45.00,90.00,30.00,22.50,45.00
Black Pearl,opaque pure black,Uncommon,Mineral,Ore,Gem,Miners-Tools,Void,Necrotic,Fiendish,10,60.00,45.00,90.00,30.00,22.50,45.00
Garnet,"transparent red, brown-green, or violet",Uncommon,Mineral,Ore,Gem,Miners-Tools,Chaotic,Fiery,Dimensional,10,60.00,45.00,90.00,30.00,22.50,45.00
Jade,"translucent light green, deep green , or white",Uncommon,Mineral,Ore,Gem,Miners-Tools,Phantasmal,Acidic,Poisonous,10,60.00,45.00,90.00,30.00,22.50,45.00
Jet,opaque deep black,Uncommon,Mineral,Ore,Gem,Miners-Tools,Void,Chaotic,Inert,10,60.00,45.00,90.00,30.00,22.50,45.00
Pearl,"opaque lustrous white , yellow, or pink",Uncommon,Mineral,Ore,Gem,Miners-Tools,Dimensional,Theurgic,Tempest,10,60.00,45.00,90.00,30.00,22.50,45.00
Topaz,transparent golden yellow,Uncommon,Mineral,Ore,Gem,Miners-Tools,Radiant,Lightning,Forceful,10,60.00,45.00,90.00,30.00,22.50,45.00
Black Sapphire,translucent lustrous black with glowing highlights,Very-Rare,Mineral,Ore,Gem,Miners-Tools,Acidic,Void,Poisonous,20,"2,000.00","1,500.00","3,000.00","1,000.00",750.00,"1,500.00"
Diamond,"transparent blue-white , canary, pink, brown, or blue",Very-Rare,Mineral,Ore,Gem,Miners-Tools,Theurgic,Inert,Vital,20,"2,000.00","1,500.00","3,000.00","1,000.00",750.00,"1,500.00"
Goldline,"A translucent gemstone, typically citrine, amethyst, or smoky quartz, with parallel lines of golden goethite in it",Very-Rare,Mineral,Ore,Gem,Miners-Tools,Radiant,Forceful,Phantasmal,20,"2,000.00","1,500.00","3,000.00","1,000.00",750.00,"1,500.00"
Jacinth,transparent fiery orange,Very-Rare,Mineral,Ore,Gem,Miners-Tools,Fiery,Fiendish,Radiant,20,"2,000.00","1,500.00","3,000.00","1,000.00",750.00,"1,500.00"
Philosophers Stone,transparent red and white,Very-Rare,Mineral,Ore,Gem,Miners-Tools,Mercurial,Vital,Necrotic,20,"2,000.00","1,500.00","3,000.00","1,000.00",750.00,"1,500.00"
Prismatic Ice,"transparent crystalline which refracts light, emanating great cold",Very-Rare,Mineral,Ore,Gem,Miners-Tools,Cold,Theurgic,Psychic,20,"2,000.00","1,500.00","3,000.00","1,000.00",750.00,"1,500.00"
Ravenar , rare black variety of tourmaline,Very-Rare,Mineral,Ore,Gem,Miners-Tools,Void,Dimensional,Necrotic,20,"2,000.00","1,500.00","3,000.00","1,000.00",750.00,"1,500.00"
Red Tears,A red bright-red teardrop-shaped gemstone,Very-Rare,Mineral,Ore,Gem,Miners-Tools,Vital,Fiery,Chaotic,20,"2,000.00","1,500.00","3,000.00","1,000.00",750.00,"1,500.00"
Ruby,transparent clear red to deep crimson,Very-Rare,Mineral,Ore,Gem,Miners-Tools,Vital,Theurgic,Fiery,20,"2,000.00","1,500.00","3,000.00","1,000.00",750.00,"1,500.00"
Skydrop,A translucent meteoric glass,Very-Rare,Mineral,Ore,Gem,Miners-Tools,Tempest,Thunder,Lightning,20,"2,000.00","1,500.00","3,000.00","1,000.00",750.00,"1,500.00"
Aluminum,a soft metal and visually resembles silver,Common,Mineral,Ore,Metal,Miners-Tools,Phantasmal,Dimensional,Tempest,5,20.00,15.00,30.00,10.00,7.50,15.00
Brass,a yellow alloy of copper and zinc,Common,Mineral,Alloy,Metal,Miners-Tools,Phantasmal,Radiant,Thunder,5,20.00,15.00,30.00,10.00,7.50,15.00
Bronze,a yellowish-brown alloy of copper with up to one-third tin,Common,Mineral,Ore,Metal,Miners-Tools,Forceful,Inert,Radiant,5,20.00,15.00,30.00,10.00,7.50,15.00
Carbonite,"dull gray metal, unstable and highly reactive",Common,Mineral,Ore,Metal,Miners-Tools,Chaotic,Forceful,Cold,5,20.00,15.00,30.00,10.00,7.50,15.00
Copper,a red-brown metal,Common,Mineral,Ore,Metal,Miners-Tools,Poisonous,Fiery,Necrotic,5,20.00,15.00,30.00,10.00,7.50,15.00
Iron,"a strong, hard magnetic silvery-gray metal",Common,Mineral,Ore,Metal,Miners-Tools,Inert,Forceful,Mercurial,5,20.00,15.00,30.00,10.00,7.50,15.00
Lead,soft and malleable metal that is silvery with a hint of blue and tarnishes to a dull gray,Common,Mineral,Ore,Metal,Miners-Tools,Poisonous,Psychic,Void,5,20.00,15.00,30.00,10.00,7.50,15.00
Steel,"a hard, strong, gray or bluish-gray alloy of iron with carbonite",Common,Mineral,Alloy,Metal,Miners-Tools,Theurgic,Forceful,Mercurial,5,20.00,15.00,30.00,10.00,7.50,15.00
Tin,a silvery-white metal,Common,Mineral,Ore,Metal,Miners-Tools,Mercurial,Chaotic,Fiendish,5,20.00,15.00,30.00,10.00,7.50,15.00
Zinc,"bluish-white, lustrous, diamagnetic metal",Common,Mineral,Ore,Metal,Miners-Tools,Vital,Acidic,Lightning,5,20.00,15.00,30.00,10.00,7.50,15.00
Astral Metal,Dark blue with mottling of glowing light blue metal,Legendary,Mineral,Ore,Metal,Miners-Tools,Inert,Theurgic,Dimensional,25,"20,000.00","15,000.00","30,000.00","10,000.00","7,500.00","15,000.00"
Celestial Bronze,magical form of bronze mined from Mount Celestia,Legendary,Mineral,Ore,Metal,Miners-Tools,Radiant,Phantasmal,Theurgic,25,"20,000.00","15,000.00","30,000.00","10,000.00","7,500.00","15,000.00"
Eridium,glowing purple metal,Legendary,Mineral,Ore,Metal,Miners-Tools,Dimensional,Chaotic,Void,25,"20,000.00","15,000.00","30,000.00","10,000.00","7,500.00","15,000.00"
Infernium,Metal from the lowest levels of the nine hells - used to make archdevil weapons and armor,Legendary,Mineral,Ore,Metal,Miners-Tools,Fiery,Fiendish,Necrotic,25,"20,000.00","15,000.00","30,000.00","10,000.00","7,500.00","15,000.00"
Moonsilver,a white-silver metal that is rumored to be delivered to the chosen founder by Sel√ªne herself,Legendary,Mineral,Ore,Metal,Miners-Tools,Phantasmal,Cold,Vital,25,"20,000.00","15,000.00","30,000.00","10,000.00","7,500.00","15,000.00"
Plutonium,"silvery white metal, tarnishing to dark gray in air",Legendary,Mineral,Ore,Metal,Miners-Tools,Poisonous,Forceful,Chaotic,25,"20,000.00","15,000.00","30,000.00","10,000.00","7,500.00","15,000.00"
Psitygium,"pale silvery green, a stygian iron-cerebium alloy",Legendary,Mineral,Alloy,Metal,Miners-Tools,Psychic,Phantasmal,Theurgic,25,"20,000.00","15,000.00","30,000.00","10,000.00","7,500.00","15,000.00"
Titanium,A silvery grey-white metal made from the remnents of Titans of old,Legendary,Mineral,Ore,Metal,Miners-Tools,Inert,Acidic,Necrotic,25,"20,000.00","15,000.00","30,000.00","10,000.00","7,500.00","15,000.00"
Uru,highly durable and capable of holding enchantments,Legendary,Mineral,Ore,Metal,Miners-Tools,Theurgic,Lightning,Tempest,25,"20,000.00","15,000.00","30,000.00","10,000.00","7,500.00","15,000.00"
Vibranium,"solid white-blue metal that is extremely durable and light, as well as being completely vibration absorbent - when hit by concussive sound, is turned into heat and light",Legendary,Mineral,Ore,Metal,Miners-Tools,Mercurial,Radiant,Thunder,25,"20,000.00","15,000.00","30,000.00","10,000.00","7,500.00","15,000.00"
Adamantine,"extremely durable green pearlescent alloy made from adamant, silver, and gold",Rare,Mineral,Alloy,Metal,Miners-Tools,Inert,Forceful,Theurgic,15,200.00,150.00,300.00,100.00,75.00,150.00
Black Ice,a black crystalline metal that repels heat and light,Rare,Mineral,Ore,Metal,Miners-Tools,Mercurial,Cold,Void,15,200.00,150.00,300.00,100.00,75.00,150.00
Darksteel,"silver hue when it was cut and polished, while its exposed surfaces shone with a purple gleam. Extremely durable and light.",Rare,Mineral,Ore,Metal,Miners-Tools,Acidic,Lightning,Tempest,15,200.00,150.00,300.00,100.00,75.00,150.00
Entropium,gray with a purple hue alloy of iron and Warpstone,Rare,Mineral,Alloy,Metal,Miners-Tools,Chaotic,Forceful,Dimensional,15,200.00,150.00,300.00,100.00,75.00,150.00
Gold,a yellow precious metal,Rare,Mineral,Ore,Metal,Miners-Tools,Theurgic,Phantasmal,Radiant,15,200.00,150.00,300.00,100.00,75.00,150.00
Infernal Iron,Dark red metal found in the nine hells,Rare,Mineral,Ore,Metal,Miners-Tools,Fiendish,Fiery,Chaotic,15,200.00,150.00,300.00,100.00,75.00,150.00
Necrodermis,"Green glowing metal, regenerates damage by ""flowing"" back together",Rare,Mineral,Ore,Metal,Miners-Tools,Vital,Necrotic,Mercurial,15,200.00,150.00,300.00,100.00,75.00,150.00
Phlogiston,"glowing red-orange molten metal, never seems to fully cool",Rare,Mineral,Ore,Metal,Miners-Tools,Fiery,Theurgic,Radiant,15,200.00,150.00,300.00,100.00,75.00,150.00
Polyrhythium,"a ore appeared as black and white, and refined into a black and white damascus finish. The metal that has a two natural resonances that are in a polyrhythmic interval",Rare,Mineral,Alloy,Metal,Miners-Tools,Thunder,Phantasmal,Tempest,15,200.00,150.00,300.00,100.00,75.00,150.00
Warpstone,"emerald colored stone, maliable, has a neon green glow.",Rare,Mineral,Ore,Metal,Miners-Tools,Poisonous,Psychic,Chaotic,15,200.00,150.00,300.00,100.00,75.00,150.00
Adamant,"Black with pearlescent quality, extremely hard but brittle metal refined from adamantite ore",Uncommon,Mineral,Ore,Metal,Miners-Tools,Inert,Forceful,Dimensional,10,60.00,45.00,90.00,30.00,22.50,45.00
Chronoton,Purplish white metal,Uncommon,Mineral,Ore,Metal,Miners-Tools,Vital,Dimensional,Chaotic,10,60.00,45.00,90.00,30.00,22.50,45.00
Etherium,a gray metal that absorbs light around it,Uncommon,Mineral,Ore,Metal,Miners-Tools,Theurgic ,Dimensional,Void,10,60.00,45.00,90.00,30.00,22.50,45.00
Fyrite ,glowing yellow-orange metal,Uncommon,Mineral,Ore,Metal,Miners-Tools,Fiery,Acidic,Fiendish,10,60.00,45.00,90.00,30.00,22.50,45.00
Lithium,"light, soft, silvery-white metal and highly flammable",Uncommon,Mineral,Ore,Metal,Miners-Tools,Fiery,Tempest,Radiant,10,60.00,45.00,90.00,30.00,22.50,45.00
Mithril,"Mithral ore appeared as a silver-and-black mineral in its natural form, and became a shining silvery-blue when it forged, extremely light",Uncommon,Mineral,Ore,Metal,Miners-Tools,Tempest,Thunder,Mercurial,10,60.00,45.00,90.00,30.00,22.50,45.00
Orichalcum,red copper-gold,Uncommon,Mineral,Ore,Metal,Miners-Tools,Lightning,Theurgic,Phantasmal,10,60.00,45.00,90.00,30.00,22.50,45.00
Silver,a precious shiny grayish-white metal,Uncommon,Mineral,Ore,Metal,Miners-Tools,Inert,Mercurial,Phantasmal,10,60.00,45.00,90.00,30.00,22.50,45.00
Tungsten,hard steel-grey metal that is often brittle,Uncommon,Mineral,Ore,Metal,Miners-Tools,Inert,Forceful,Poisonous,10,60.00,45.00,90.00,30.00,22.50,45.00
Wellstone,a pink metal that has an affinity to life-essence,Uncommon,Mineral,Ore,Metal,Miners-Tools,Cold,Necrotic,Psychic,10,60.00,45.00,90.00,30.00,22.50,45.00
Acoustium,"metal alloy with a wide natural resonance range, amplifying sound waves",Very-Rare,Mineral,Ore,Metal,Miners-Tools,Thunder,Phantasmal,Dimensional,20,"2,000.00","1,500.00","3,000.00","1,000.00",750.00,"1,500.00"
Cerebium,a black and purple metal that pulses with a faintly glowing blue light,Very-Rare,Mineral,Ore,Metal,Miners-Tools,Psychic,Inert,Lightning,20,"2,000.00","1,500.00","3,000.00","1,000.00",750.00,"1,500.00"
Crysteel,Psionic superhard Cerebium-Iron alloy,Very-Rare,Mineral,Alloy,Metal,Miners-Tools,Theurgic ,Psychic,Phantasmal,20,"2,000.00","1,500.00","3,000.00","1,000.00",750.00,"1,500.00"
Pandemonium,"a metal of swirling green, purple, yellow and red colors. The metal is unpredictable and requires extreme care in the refining and forging process or catastrophic results may occur",Very-Rare,Mineral,Ore,Metal,Miners-Tools,Chaotic,Theurgic,Void,20,"2,000.00","1,500.00","3,000.00","1,000.00",750.00,"1,500.00"
Imperial Gold,"platinum, gold, and orichalcum alloy. Extremely harmful to magical creatures, but cannot harm non-magical creatures.",Very-Rare,Mineral,Alloy,Metal,Miners-Tools,Theurgic,Phantasmal,Radiant,20,"2,000.00","1,500.00","3,000.00","1,000.00",750.00,"1,500.00"
Platinum,a precious silvery-white metal,Very-Rare,Mineral,Ore,Metal,Miners-Tools,Inert,Acidic,Phantasmal,20,"2,000.00","1,500.00","3,000.00","1,000.00",750.00,"1,500.00"
Seastone,"rare substance that ""gives off a wavelength that is the same as the sea itself""",Very-Rare,Mineral,Ore,Metal,Miners-Tools,Mercurial,Cold,Tempest,20,"2,000.00","1,500.00","3,000.00","1,000.00",750.00,"1,500.00"
Soulsteel,"a dark yellow alloy made from infernal iron and stygian iron, that has unique properties regarding souls",Very-Rare,Mineral,Alloy,Metal,Miners-Tools,Necrotic,Void,Fiendish,20,"2,000.00","1,500.00","3,000.00","1,000.00",750.00,"1,500.00"
Stygian Iron,a pale green metal that grows off the coast of the river styx.,Very-Rare,Mineral,Ore,Metal,Miners-Tools,Vital,Necrotic,Psychic,20,"2,000.00","1,500.00","3,000.00","1,000.00",750.00,"1,500.00"
Uranium,a metal with black oxidated coating and silvery gray metallic inside,Very-Rare,Mineral,Ore,Metal,Miners-Tools,Poisonous,Fiery,Forceful,20,"2,000.00","1,500.00","3,000.00","1,000.00",750.00,"1,500.00"
Hazelwort,"glossy green, kidney shaped leaves and solitary dull purple flowers",Common,Non-Mineral,Plant,Herb,Herbalism-Kit,Poisonous,Acidic,Fiendish,5,20.00,15.00,30.00,10.00,7.50,15.00
Juniper Berry,a cone with unusually fleshy and merged scales,Common,Non-Mineral,Plant,Herb,Herbalism-Kit,Inert,Cold,Lightning,5,20.00,15.00,30.00,10.00,7.50,15.00
Marigold," yellow, orange, or copper-brown flowers",Common,Non-Mineral,Plant,Herb,Herbalism-Kit,Vital,Theurgic,Radiant,5,20.00,15.00,30.00,10.00,7.50,15.00
Mayflower,woody stem with pale pink flowers and very fragrant,Common,Non-Mineral,Plant,Herb,Herbalism-Kit,Poisonous,Inert,Mercurial,5,20.00,15.00,30.00,10.00,7.50,15.00
Mistletoe,leathery leaves with white glutinous berries,Common,Non-Mineral,Plant,Herb,Herbalism-Kit,Poisonous,Theurgic,Void,5,20.00,15.00,30.00,10.00,7.50,15.00
Olisuba Leaf,"Leaves from the Olisuba bush, has a bright yellow-green color.",Common,Non-Mineral,Plant,Herb,Herbalism-Kit,Vital,Forceful,Thunder,5,20.00,15.00,30.00,10.00,7.50,15.00
Ripplebark,"A shelf-like fungus that resembles a mass of rotting flesh. It is surprisingly edible. Though it can be eaten raw, it tastes better roasted. A single sheet of ripplebark yields 1d4+6 pounds of food",Common,Non-Mineral,Plant,Herb,Herbalism-Kit,Vital,Necrotic,Dimensional,5,20.00,15.00,30.00,10.00,7.50,15.00
Rose,"prickly bush or shrub that typically bears red, pink, yellow, or white fragrant flowers",Common,Non-Mineral,Plant,Herb,Herbalism-Kit,Phantasmal,Tempest,Psychic,5,20.00,15.00,30.00,10.00,7.50,15.00
Thyme,"Stems are stiff and woody and leaves are small, oval and gray-green in color.  Flowers can be white to lilac and are in small clusters",Common,Non-Mineral,Plant,Herb,Herbalism-Kit,Vital,Dimensional,Chaotic,5,20.00,15.00,30.00,10.00,7.50,15.00
Torch Light,"phosphorescent flower that resemble a firepit that produce flame, lighting the area as well as a torch. If picked, light lasts for 2 hours before dimming to half its brightness and lasts for another 2 hours before completely gone.",Common,Non-Mineral,Plant,Herb,Herbalism-Kit,Fiery,Radiant,Fiendish,5,20.00,15.00,30.00,10.00,7.50,15.00
Assassin Seed,"It has thin, blunt tipped leaves, which are usually light red. It also grows quite large flowers, which can be dark red, grey, brown and light brown.",Legendary,Non-Mineral,Plant,Herb,Herbalism-Kit,Poisonous,Inert,Necrotic,25,"20,000.00","15,000.00","30,000.00","10,000.00","7,500.00","15,000.00"
Firecomb,"It has small, lobed leaves, which are usually dark yellow. It also grows quite small flowers, which can be yellow and dark grey.",Legendary,Non-Mineral,Plant,Herb,Herbalism-Kit,Fiery,Theurgic,Chaotic,25,"20,000.00","15,000.00","30,000.00","10,000.00","7,500.00","15,000.00"
Ironmoss,,Legendary,Non-Mineral,Plant,Herb,Herbalism-Kit,Inert,Acidic,Mercurial,25,"20,000.00","15,000.00","30,000.00","10,000.00","7,500.00","15,000.00"
Lotus Shrub,dark green leaves with white or light pink flowers with boat-shaped petals,Legendary,Non-Mineral,Plant,Herb,Herbalism-Kit,Phantasmal,Psychic,Fiendish,25,"20,000.00","15,000.00","30,000.00","10,000.00","7,500.00","15,000.00"
Madweed,"It has huge, egg shaped leaves, which are usually dark orange. It also grows small flowers, which can be light purple, orange, dark orange and white.",Legendary,Non-Mineral,Plant,Herb,Herbalism-Kit,Psychic,Void,Chaotic,25,"20,000.00","15,000.00","30,000.00","10,000.00","7,500.00","15,000.00"
Twisted Gilliflower,"It has thin, squared leaves, which are usually mint green. It also grows small flowers, which can be light gold, white and red.",Legendary,Non-Mineral,Plant,Herb,Herbalism-Kit,Cold,Vital,Tempest,25,"20,000.00","15,000.00","30,000.00","10,000.00","7,500.00","15,000.00"
Seerglove,"large plant and can be found only in very damp places. It blooms in late autumn.
It has huge, wedge shaped leaves, which are usually dark green. It also grows huge flowers, which can be bronze and dark pink.

These plants grow alone, but within a decent distance from each other, but its very easy to control and maintain their growth.",Legendary,Non-Mineral,Plant,Herb,Herbalism-Kit,Radiant,Theurgic,Phantasmal,25,"20,000.00","15,000.00","30,000.00","10,000.00","7,500.00","15,000.00"
Shamblerstalk,"tall plant, It has thin, spear shaped leaves, which are usually light orange. It also grows a single flower at the apex, which can be light blue, light pink and white.",Legendary,Non-Mineral,Plant,Herb,Herbalism-Kit,Dimensional,Necrotic,Theurgic,25,"20,000.00","15,000.00","30,000.00","10,000.00","7,500.00","15,000.00"
Turtlewort,"It has huge, heart shaped leaves, which are usually dark orange. It also grows quite large flowers, which can be white and blue.",Legendary,Non-Mineral,Plant,Herb,Herbalism-Kit,Inert,Vital,Forceful,25,"20,000.00","15,000.00","30,000.00","10,000.00","7,500.00","15,000.00"
Wisp Stems,"tiny flower looks like a bright blue dandelion seed head. Even though it looks pretty, the stem is the only usable part for alchemical concoctions",Legendary,Non-Mineral,Plant,Herb,Herbalism-Kit,Necrotic,Lightning,Tempest,25,"20,000.00","15,000.00","30,000.00","10,000.00","7,500.00","15,000.00"
Bluecap,"dubbed the ""grain of the Underdark"", a bluecap is inedible, but spores can be ground to make a nutritious, bland, flour",Rare,Non-Mineral,Plant,Herb,Herbalism-Kit,Poisonous,Mercurial,Chaotic,15,200.00,150.00,300.00,100.00,75.00,150.00
Fire Lichen,"pale orange-white, fire lichen thrive on warmth, so it grows in regions of geothermal heat. Can be ground and fermented into a hot, spicy paste. Duergar also ferrment fire lichen into a spicy liquor",Rare,Non-Mineral,Plant,Herb,Herbalism-Kit,Fiery,Fiendish,Dimensional,15,200.00,150.00,300.00,100.00,75.00,150.00
Foxglove,"ovate to oblong leaves toward the lower part of the stem, which is capped by a tall, one-sided cluster of pendulous, bell-shaped flowers",Rare,Non-Mineral,Plant,Herb,Herbalism-Kit,Forceful,Vital,Theurgic,15,200.00,150.00,300.00,100.00,75.00,150.00
Harmonius Lucius,"Large, brightly colored flowers(red, pink, yellow, white)",Rare,Non-Mineral,Plant,Herb,Herbalism-Kit,Vital,Theurgic,Dimensional,15,200.00,150.00,300.00,100.00,75.00,150.00
Humming Root,blueish-green plant that emits a constant hum,Rare,Non-Mineral,Plant,Herb,Herbalism-Kit,Thunder,Phantasmal,Chaotic,15,200.00,150.00,300.00,100.00,75.00,150.00
Knights Spur,yellow and blue flower that gives off a faint cold glow,Rare,Non-Mineral,Plant,Herb,Herbalism-Kit,Radiant,Lightning,Tempest,15,200.00,150.00,300.00,100.00,75.00,150.00
Nevermind,"small plant with long purple leaves, blocks out your super-ego and makes you give into base desires.",Rare,Non-Mineral,Plant,Herb,Herbalism-Kit,Psychic,Phantasmal,Void,15,200.00,150.00,300.00,100.00,75.00,150.00
Red Vine,"red vine type plant, with purple flowers when in bloom. The plants skin has metallic attributes. The red color is actually rust, made by the oxidization of the metallic cuticle of the plant",Rare,Non-Mineral,Plant,Herb,Herbalism-Kit,Mercurial,Phantasmal,Inert,15,200.00,150.00,300.00,100.00,75.00,150.00
Tongue of Madness,An edible fungus of brownish-red color with four pedals resembling tongues with small hairs covering the surface. A creature that eats the tongue of madness must succeed on a DC 12 Con save or compulsively speak aloud its every thought for the next hour. (can be ended with lesser restoration or similar magic),Rare,Non-Mineral,Plant,Herb,Herbalism-Kit,Void,Poisonous,Necrotic,15,200.00,150.00,300.00,100.00,75.00,150.00
Zurkhwood,"a massive mushroom that can reach a height of thirty to forty feet. Its large grain-like spores are edible and ntritionally equivalent to 1d4+4 lbs. of food, butmore important for its hard and woody stalks. One of the few sources of timber in the Underdark, used to make furniture, containers, bridges, and rafts, among other things.",Rare,Non-Mineral,Plant,Herb,Herbalism-Kit,Theurgic,Inert,Acidic,15,200.00,150.00,300.00,100.00,75.00,150.00
Abyssal Flower,dark pink flower with a thorny stem,Uncommon,Non-Mineral,Plant,Herb,Herbalism-Kit,Fiendish,Phantasmal,Chaotic,10,60.00,45.00,90.00,30.00,22.50,45.00
Angelica,tiny white yellow flower,Uncommon,Non-Mineral,Plant,Herb,Herbalism-Kit,Radiant,Vital,Theurgic,10,60.00,45.00,90.00,30.00,22.50,45.00
Barrelstalk,"large, caskshaped fungus that can be tapped and drained of fresh water stored within. 1d4+4 gallons of water and 1d6+4 lbs. of food",Uncommon,Non-Mineral,Plant,Herb,Herbalism-Kit,Mercurial,Theurgic,Vital,10,60.00,45.00,90.00,30.00,22.50,45.00
Belladonna/nightshade,Purple stem with yellow petals,Uncommon,Non-Mineral,Plant,Herb,Herbalism-Kit,Poisonous,Vital,Necrotic,10,60.00,45.00,90.00,30.00,22.50,45.00
Fire-Herb,"red-brown mossy herb that, when heated (even from the friction of rubbing it between your fingers), releases wisps of smoke that create feelings of euphoria",Uncommon,Non-Mineral,Plant,Herb,Herbalism-Kit,Phantasmal,Psychic,Fiery,10,60.00,45.00,90.00,30.00,22.50,45.00
Heart Blossom,"green stem, red leaves in the shape of hearts, flowers only bloom for one night and then wilt. (sought by lovers)",Uncommon,Non-Mineral,Plant,Herb,Herbalism-Kit,Vital,Phantasmal,Psychic,10,60.00,45.00,90.00,30.00,22.50,45.00
Silent Lady,white and blue flower,Uncommon,Non-Mineral,Plant,Herb,Herbalism-Kit,Phantasmal,Void,Cold,10,60.00,45.00,90.00,30.00,22.50,45.00
Snake Vine,"yellow flowers have been reported as having an unpleasant odor variously described as similar to mothballs or animal urine or sweet but with ""a pronounced fecal element"" fruits consist of segments of bright orange flesh, each surrounding a black seed. While the flesh looks attractive enough to eat, it is best not to. A minute or so after eating, the flesh produces an unpleasant burning sensation in the mouth and lips",Uncommon,Non-Mineral,Plant,Herb,Herbalism-Kit,Fiery,Acidic,Lightning,10,60.00,45.00,90.00,30.00,22.50,45.00
Trillimac,"a mushroom that grows to a height of four to five feet, and has broad gray-green cap and a light gray stalk. The caps leathery surface can be cut and cleaned for use in making maps, hats, and scrolls (its surface takes on dyes and inks well). The stalk can be cleaned, soaked in water for an hour, then dried to make a platable food akin to bread. provides 1d6+4 lbs of food.",Uncommon,Non-Mineral,Plant,Herb,Herbalism-Kit,Inert,Forceful,Thunder,10,60.00,45.00,90.00,30.00,22.50,45.00
Waterorb,"a bulbous fungus that grows in shallow water. A mature waterorb can be squeezed like a sponge, yielding a gallon of drinkable water and a pound of edible (chewy and tasteless) food.",Uncommon,Non-Mineral,Plant,Herb,Herbalism-Kit,Dimensional,Chaotic,Tempest,10,60.00,45.00,90.00,30.00,22.50,45.00
Blackleaf Rose,blood red rose have a black stem with small reddish thorns,Very-Rare,Non-Mineral,Plant,Herb,Herbalism-Kit,Poisonous,Chaotic,Theurgic,20,"2,000.00","1,500.00","3,000.00","1,000.00",750.00,"1,500.00"
Dragonhart,"1-2ft tall mushroom with a combustible cap, once touched - a single dragonhart burns for 24 hours. There is a 1 in 6 chance that a dragonhart explodes instead, bursting into a cloud of fiery spores. creatures within 10ft take 1d6 fire damage.",Very-Rare,Non-Mineral,Plant,Herb,Herbalism-Kit,Chaotic,Fiery,Forceful,20,"2,000.00","1,500.00","3,000.00","1,000.00",750.00,"1,500.00"
Leapleaf,"Similar to a lillypad, this plant grows ont he surface of the water",Very-Rare,Non-Mineral,Plant,Herb,Herbalism-Kit,Mercurial,Tempest,Theurgic,20,"2,000.00","1,500.00","3,000.00","1,000.00",750.00,"1,500.00"
Majestys Ward,"It has thin, diamond shaped leaves, which are usually forest green. It also grows small flowers, which can be dark orange, light brown, light redblack.",Very-Rare,Non-Mineral,Plant,Herb,Herbalism-Kit,Vital,Inert,Cold,20,"2,000.00","1,500.00","3,000.00","1,000.00",750.00,"1,500.00"
Mandrake/witchroot,"This root have small air bags inside of it, and when the root is squished the air sounds like screams for a few seconds",Very-Rare,Non-Mineral,Plant,Herb,Herbalism-Kit,Vital,Thunder,Necrotic,20,"2,000.00","1,500.00","3,000.00","1,000.00",750.00,"1,500.00"
Nilhoggs Nose,"A mushroom that grants any creature that eats it advantage on wisdom (perception) checks based on smell for 1d4 hours. However, the creature suffers disadvantage on saving throws against effects based on smell for the same amount of time.",Very-Rare,Non-Mineral,Plant,Herb,Herbalism-Kit,Phantasmal,Psychic,Void,20,"2,000.00","1,500.00","3,000.00","1,000.00",750.00,"1,500.00"
Phoenix Bloom,bright orange and red leaves resembling a feather on fire,Very-Rare,Non-Mineral,Plant,Herb,Herbalism-Kit,Vital,Fiery,Radiant,20,"2,000.00","1,500.00","3,000.00","1,000.00",750.00,"1,500.00"
Rotbane,"It has tiny, oval leaves, which are usually dark orange. It also grows tiny flowers, which can be dark brown, red, dark purple and dark orange.",Very-Rare,Non-Mineral,Plant,Herb,Herbalism-Kit,Necrotic,Dimensional,Fiendish,20,"2,000.00","1,500.00","3,000.00","1,000.00",750.00,"1,500.00"
Timmask,"AKA ""the devils mushroom,"" a timmask is 2 tall toadstool with orange and red stripes across its beige cap. Uprooting or destroying a timmask causes it to expel a 15 radius cloud of poisonous spores. Creatures in the area must succeed at a DC 14 Con save or be poisoned for 1 minute. While poisoned in this way, creature is under the effect of the confusion spell.",Very-Rare,Non-Mineral,Plant,Herb,Herbalism-Kit,Acidic,Forceful,Psychic,20,"2,000.00","1,500.00","3,000.00","1,000.00",750.00,"1,500.00"
Unicorn Root,"It blooms twice a year, for 1 month.
It has thick, barb shaped leaves, which are usually purple. It also grows tiny flowers, which can be light orange, blue and light purple.",Very-Rare,Non-Mineral,Plant,Herb,Herbalism-Kit,Theurgic,Lightning,Radiant,20,"2,000.00","1,500.00","3,000.00","1,000.00",750.00,"1,500.00"
Aching Cypress,"When you cast a spell that deals damage of the type associated with the material your arcane focus is made from, the spell gains a +1 bonus to one damage roll of that spell",Common,Non-Mineral,Plant,Wood,Forestry-Tools,Necrotic,Chaotic,Acidic,5,20.00,15.00,30.00,10.00,7.50,15.00
Deadly Ash,"When you cast a spell that deals damage of the type associated with the material your arcane focus is made from, the spell gains a +1 bonus to one damage roll of that spell",Common,Non-Mineral,Plant,Wood,Forestry-Tools,Fiery,Void,Poisonous,5,20.00,15.00,30.00,10.00,7.50,15.00
Fanged Elm,,Common,Non-Mineral,Plant,Wood,Forestry-Tools,Fiendish,Phantasmal,Theurgic,5,20.00,15.00,30.00,10.00,7.50,15.00
Frozen Holly,"When you cast a spell that deals damage of the type associated with the material your arcane focus is made from, the spell gains a +1 bonus to one damage roll of that spell",Common,Non-Mineral,Plant,Wood,Forestry-Tools,Cold,Mercurial,Theurgic,5,20.00,15.00,30.00,10.00,7.50,15.00
Phronet,"When you cast a spell that deals damage of the type associated with the material your arcane focus is made from, the spell gains a +1 bonus to one damage roll of that spell",Common,Non-Mineral,Plant,Wood,Forestry-Tools,Psychic,Inert,Fiery,5,20.00,15.00,30.00,10.00,7.50,15.00
Lunar Cedar,"When you cast a spell that deals damage of the type associated with the material your arcane focus is made from, the spell gains a +1 bonus to one damage roll of that spell",Common,Non-Mineral,Plant,Wood,Forestry-Tools,Forceful,Dimensional,Phantasmal,5,20.00,15.00,30.00,10.00,7.50,15.00
Ookrupeam,"When you cast a spell that deals damage of the type associated with the material your arcane focus is made from, the spell gains a +1 bonus to one damage roll of that spell",Common,Non-Mineral,Plant,Wood,Forestry-Tools,Radiant,Vital,Tempest,5,20.00,15.00,30.00,10.00,7.50,15.00
Putrid Fir,"When you cast a spell that deals damage of the type associated with the material your arcane focus is made from, the spell gains a +1 bonus to one damage roll of that spell",Common,Non-Mineral,Plant,Wood,Forestry-Tools,Poisonous,Acidic,Necrotic,5,20.00,15.00,30.00,10.00,7.50,15.00
Shiper,hard fibrous material that forms the main substance of the trunk or branches of a tree or shrub,Common,Non-Mineral,Plant,Wood,Forestry-Tools,Inert,Tempest,Mercurial,5,20.00,15.00,30.00,10.00,7.50,15.00
Shocking Palm,"When you cast a spell that deals damage of the type associated with the material your arcane focus is made from, the spell gains a +1 bonus to one damage roll of that spell",Common,Non-Mineral,Plant,Wood,Forestry-Tools,Lightning,Thunder,Tempest,5,20.00,15.00,30.00,10.00,7.50,15.00
Celestial Oak,"silvery wood, gives off a soft glow",Legendary,Non-Mineral,Plant,Wood,Forestry-Tools,Radiant,Vital,Theurgic,25,"20,000.00","15,000.00","30,000.00","10,000.00","7,500.00","15,000.00"
Demon Pine,,Legendary,Non-Mineral,Plant,Wood,Forestry-Tools,Fiendish,Fiery,Void,25,"20,000.00","15,000.00","30,000.00","10,000.00","7,500.00","15,000.00"
Dodona,,Legendary,Non-Mineral,Plant,Wood,Forestry-Tools,Mercurial,Necrotic,Lightning,25,"20,000.00","15,000.00","30,000.00","10,000.00","7,500.00","15,000.00"
Drakolia,,Legendary,Non-Mineral,Plant,Wood,Forestry-Tools,Fiery,Theurgic,Inert,25,"20,000.00","15,000.00","30,000.00","10,000.00","7,500.00","15,000.00"
Hathor,,Legendary,Non-Mineral,Plant,Wood,Forestry-Tools,Thunder,Forceful,Inert,25,"20,000.00","15,000.00","30,000.00","10,000.00","7,500.00","15,000.00"
Kodama,,Legendary,Non-Mineral,Plant,Wood,Forestry-Tools,Psychic,Phantasmal,Dimensional,25,"20,000.00","15,000.00","30,000.00","10,000.00","7,500.00","15,000.00"
Meliae,,Legendary,Non-Mineral,Plant,Wood,Forestry-Tools,Cold,Tempest,Vital,25,"20,000.00","15,000.00","30,000.00","10,000.00","7,500.00","15,000.00"
Urifer,,Legendary,Non-Mineral,Plant,Wood,Forestry-Tools,Acidic,Poisonous,Forceful,25,"20,000.00","15,000.00","30,000.00","10,000.00","7,500.00","15,000.00"
Wish tree,,Legendary,Non-Mineral,Plant,Wood,Forestry-Tools,Theurgic,Dimensional,Chaotic,25,"20,000.00","15,000.00","30,000.00","10,000.00","7,500.00","15,000.00"
Yggdrasil,a gargantuan living ash tree with branches extending above the heavens and a trunk strongly latched into the ground by three great roots,Legendary,Non-Mineral,Plant,Wood,Forestry-Tools,Theurgic,Vital,Radiant,25,"20,000.00","15,000.00","30,000.00","10,000.00","7,500.00","15,000.00"
Boltwood,"Wood from trees infused with lightning, gives off an audible crackling and static field",Rare,Non-Mineral,Plant,Wood,Forestry-Tools,Lightning,Theurgic,Tempest,15,200.00,150.00,300.00,100.00,75.00,150.00
Darkwood,hard as normal wood but very light,Rare,Non-Mineral,Plant,Wood,Forestry-Tools,Necrotic,Void,Acidic,15,200.00,150.00,300.00,100.00,75.00,150.00
Drowsy Catalpa,,Rare,Non-Mineral,Plant,Wood,Forestry-Tools,Phantasmal,Psychic,Theurgic,15,200.00,150.00,300.00,100.00,75.00,150.00
Eoshander,,Rare,Non-Mineral,Plant,Wood,Forestry-Tools,Dimensional,Chaotic,Poisonous,15,200.00,150.00,300.00,100.00,75.00,150.00
Fire Tree,,Rare,Non-Mineral,Plant,Wood,Forestry-Tools,Fiery,Radiant,Chaotic,15,200.00,150.00,300.00,100.00,75.00,150.00
Hedgthock,,Rare,Non-Mineral,Plant,Wood,Forestry-Tools,Inert,Thunder,Vital,15,200.00,150.00,300.00,100.00,75.00,150.00
Moon Larch,,Rare,Non-Mineral,Plant,Wood,Forestry-Tools,Phantasmal,Cold,Mercurial,15,200.00,150.00,300.00,100.00,75.00,150.00
Silver Strongbark,,Rare,Non-Mineral,Plant,Wood,Forestry-Tools,Forceful,Cold,Inert,15,200.00,150.00,300.00,100.00,75.00,150.00
Spiky Spruce,,Rare,Non-Mineral,Plant,Wood,Forestry-Tools,Fiendish,Vital,Chaotic,15,200.00,150.00,300.00,100.00,75.00,150.00
Xorian wenge,,Rare,Non-Mineral,Plant,Wood,Forestry-Tools,Psychic,Phantasmal,Theurgic,15,200.00,150.00,300.00,100.00,75.00,150.00
Ashant,,Uncommon,Non-Mineral,Plant,Wood,Forestry-Tools,Fiery,Lightning,Theurgic,10,60.00,45.00,90.00,30.00,22.50,45.00
Barbed Maple,,Uncommon,Non-Mineral,Plant,Wood,Forestry-Tools,Fiendish,Inert,Forceful,10,60.00,45.00,90.00,30.00,22.50,45.00
Bouncing Yew,,Uncommon,Non-Mineral,Plant,Wood,Forestry-Tools,Mercurial,Chaotic,Dimensional,10,60.00,45.00,90.00,30.00,22.50,45.00
Corrupting Wood,,Uncommon,Non-Mineral,Plant,Wood,Forestry-Tools,Necrotic,Void,Psychic,10,60.00,45.00,90.00,30.00,22.50,45.00
Eevleech,,Uncommon,Non-Mineral,Plant,Wood,Forestry-Tools,Vital,Psychic,Theurgic,10,60.00,45.00,90.00,30.00,22.50,45.00
Fjord Cypress,,Uncommon,Non-Mineral,Plant,Wood,Forestry-Tools,Cold,Thunder,Tempest,10,60.00,45.00,90.00,30.00,22.50,45.00
Glowing Beech,,Uncommon,Non-Mineral,Plant,Wood,Forestry-Tools,Poisonous,Radiant,Phantasmal,10,60.00,45.00,90.00,30.00,22.50,45.00
Ironwood,"dense and hard wood with dark, deeply furrowed bark",Uncommon,Non-Mineral,Plant,Wood,Forestry-Tools,Inert,Forceful,Vital,10,60.00,45.00,90.00,30.00,22.50,45.00
Marsh Bamboo,,Uncommon,Non-Mineral,Plant,Wood,Forestry-Tools,Poisonous,Mercurial,Lightning,10,60.00,45.00,90.00,30.00,22.50,45.00
Stink Oak,,Uncommon,Non-Mineral,Plant,Wood,Forestry-Tools,Poisonous,Phantasmal,Acidic,10,60.00,45.00,90.00,30.00,22.50,45.00
Aavock,,Very-Rare,Non-Mineral,Plant,Wood,Forestry-Tools,Lightning,Thunder,Tempest,20,"2,000.00","1,500.00","3,000.00","1,000.00",750.00,"1,500.00"
Angel Yew,,Very-Rare,Non-Mineral,Plant,Wood,Forestry-Tools,Radiant,Theurgic,Vital,20,"2,000.00","1,500.00","3,000.00","1,000.00",750.00,"1,500.00"
Eechess,,Very-Rare,Non-Mineral,Plant,Wood,Forestry-Tools,Fiendish,Fiery,Vital,20,"2,000.00","1,500.00","3,000.00","1,000.00",750.00,"1,500.00"
Heddus,,Very-Rare,Non-Mineral,Plant,Wood,Forestry-Tools,Necrotic,Void,Psychic,20,"2,000.00","1,500.00","3,000.00","1,000.00",750.00,"1,500.00"
Mammoth Aspen,,Very-Rare,Non-Mineral,Plant,Wood,Forestry-Tools,Inert,Forceful,Vital,20,"2,000.00","1,500.00","3,000.00","1,000.00",750.00,"1,500.00"
Ochant,,Very-Rare,Non-Mineral,Plant,Wood,Forestry-Tools,Phantasmal,Psychic,Dimensional,20,"2,000.00","1,500.00","3,000.00","1,000.00",750.00,"1,500.00"
Pink Hornbeam,,Very-Rare,Non-Mineral,Plant,Wood,Forestry-Tools,Chaotic,Dimensional,Phantasmal,20,"2,000.00","1,500.00","3,000.00","1,000.00",750.00,"1,500.00"
Sove,,Very-Rare,Non-Mineral,Plant,Wood,Forestry-Tools,Mercurial,Cold,Tempest,20,"2,000.00","1,500.00","3,000.00","1,000.00",750.00,"1,500.00"
Toxic Tree,,Very-Rare,Non-Mineral,Plant,Wood,Forestry-Tools,Poisonous,Acidic,Psychic,20,"2,000.00","1,500.00","3,000.00","1,000.00",750.00,"1,500.00"
Phantom Ash,,Very-Rare,Non-Mineral,Plant,Wood,Forestry-Tools,Cold,Phantasmal,Dimensional,20,"2,000.00","1,500.00","3,000.00","1,000.00",750.00,"1,500.00"